{
  "name": "BlockPanel Store",
  "description": "Single-app 3rd party store delivering the BlockPanel Minecraft server controller.",
  "tips": "Add this URL as a Custom Source in CasaOS.",
  "author": "BlockPanel Team",
  "source": "https://github.com/moresonsunn/minecraft-server",
  "version": 2,
  "apps": [
    {
      "id": "blockpanel",
      "title": "BlockPanel",
      "description": "Full stack (controller + Postgres + optional Redis/Nginx/runtime prewarm).",
      "icon": "https://raw.githubusercontent.com/moresonsunn/minecraft-server/main/frontend/public/favicon.ico",
      "index": "Apps/blockpanel/app.json",
      "port_map": "8000"
    },
    {
      "id": "blockpanel-lite",
      "title": "BlockPanel (Lite)",
      "description": "Single-container SQLite build (simpler, not for heavy production).",
      "icon": "https://raw.githubusercontent.com/moresonsunn/minecraft-server/main/frontend/public/favicon.ico",
      "index": "Apps/blockpanel-lite/app.json",
      "port_map": "8000"
    },
    {
      "id": "blockpanel-unified",
      "title": "BlockPanel (Unified)",
      "description": "All-in-one image (controller + UI + multi-Java runtime) using SQLite.",
      "icon": "https://raw.githubusercontent.com/moresonsunn/minecraft-server/main/casaos-appstore/assets/blockpanel-unified-icon.png",
      "index": "Apps/blockpanel-unified/app.json",
      "port_map": "8000"
    }
  ]
}
