{
  "name": "Lynx Store",
  "description": "Single-app 3rd party store delivering the Lynx Minecraft server controller.",
  "tips": "Add this URL as a Custom Source in CasaOS.",
  "author": "Lynx Team",
  "source": "https://github.com/moresonsunn/Lynx",
  "version": 2,
  "apps": [
    {
      "id": "lynx-unified",
      "title": "Lynx (Unified)",
      "description": "All-in-one image (controller + UI + bundled runtime) using SQLite.",
      "icon": "https://raw.githubusercontent.com/moresonsunn/Lynx/main/casaos-appstore/assets/lynx-icon.png",
      "index": "Apps/lynx/docker-compose.yml",
      "port_map": "8000"
    }
  ]
}
